{"schemaVersion":"1.0","appDefinitionTemplate":{"id":"/providers/Microsoft.PowerApps/apps/","type":"Microsoft.PowerApps/apps","tags":{"minimumRequiredApiVersion":"2.2.0"},"properties":{"appVersion":"2019-02-23T13:42:15Z","lifeCycleId":"Published","createdByClientVersion":{"major":3,"minor":19022,"build":17,"revision":0,"majorRevision":0,"minorRevision":0},"minClientVersion":{"major":3,"minor":19022,"build":17,"revision":0,"majorRevision":0,"minorRevision":0},"backgroundColor":"rgba(165, 34, 55, 1)","backgroundImageUri":"/9619033768052181140/Nfbb1eaeb-35c4-444e-898e-6546a1d3cde7-logoSmallFile","displayName":"Customer Search","description":"","appUris":{"documentUri":{"value":"/9619033768052181140/Ne21bcd7d-38ab-491d-acf9-e5104b4ffc14-document.msapp","readonlyValue":"/9619033768052181140/Ne21bcd7d-38ab-491d-acf9-e5104b4ffc14-document.msapp"},"imageUris":[]},"createdTime":"0001-01-01T00:00:00Z","lastModifiedTime":"0001-01-01T00:00:00Z","sharedGroupsCount":0,"sharedUsersCount":0,"icons":{"smallIconUri":"/9619033768052181140/N2d92d253-9a2f-4604-9d1e-3b37bbedc8fb-small.png","mediumIconUri":"/9619033768052181140/N371e359f-11d3-4773-a5e2-9a8adac02bca-medium.png","largeIconUri":"/9619033768052181140/N8d185bb6-84cf-45e6-81c0-f07f95644f62-large.png","wideIconUri":"/9619033768052181140/Nb62b64e2-5953-4be4-9771-f778063d124c-wide.png"},"connectionReferences":{"ae76a697-9d59-4984-8632-2cf43105e742":{"id":"6a9ca330-5410-45ff-bf91-2c7c6dfbacc7","displayName":"Excel","iconUri":"https://connectoricons-prod.azureedge.net/excel/icon_1.0.1018.1190.png","dataSources":["Customers"],"dependencies":["c7aa2c6e-e9c1-49a4-b821-1e8a8042f999"],"dependents":[],"parameterHints":{"c7aa2c6e-e9c1-49a4-b821-1e8a8042f999":{"value":"fileSource"}},"isOnPremiseConnection":false,"bypassConsent":false,"dataSets":{"017BIZ2TBUGFNXITALWFALMEP2UPFAQNWJ":{"dataSources":{"Customers":{"tableName":"Customers"}}}},"apiTier":"Standard","isCustomApiConnection":false},"c7aa2c6e-e9c1-49a4-b821-1e8a8042f999":{"id":"836ec4e3-a837-4d9e-be6e-9aa232806176","displayName":"OneDrive for Business","iconUri":"https://connectoricons-prod.azureedge.net/onedriveforbusiness/icon_1.0.1061.1268.png","dataSources":[],"dependencies":[],"dependents":["ae76a697-9d59-4984-8632-2cf43105e742"],"parameterHints":{},"isOnPremiseConnection":false,"bypassConsent":false,"dataSets":{},"apiTier":"Standard","isCustomApiConnection":false}},"almMode":"Environment"}}}